customer_id,Total_Spending_2022_2023,Average_Daily_Spending_2022_2023,Actual_Lifetime_2022_2023(days),Total_Spending_2023_2024,Average_Daily_Spending_2023_2024,Actual_Lifetime_2023_2024(days),LTV_2022_2023($),LTV_2023_2024($)
6,,,,23.3,23.3,1.0,,2519.8901525658807
8,99.2,0.3024390243902439,328.0,42.6,0.19631336405529953,217.0,33.81508030933968,21.231249480687985
9,3795.6,10.602234636871508,358.0,2574.3,7.052876712328768,365.0,1185.4138745060634,762.7671491269737
10,157.7,0.4665680473372781,338.0,4.2,4.2,1.0,52.16600609756097,454.2291262135923
12,150.4,0.4585365853658537,328.0,380.9,2.1519774011299435,177.0,51.268024985127894,232.7359082253932
13,162.8,0.46118980169971674,353.0,29.3,29.3,1.0,51.56467560284668,3168.788904299584
14,381.0,1.4431818181818181,264.0,62.7,0.24588235294117647,255.0,161.35916712860308,26.59212531614588
16,420.0,1.16991643454039,359.0,354.1,0.9701369863013699,365.0,130.80593110945037,104.92011323694261
20,396.5,1.1232294617563738,353.0,632.1,1.760724233983287,359.0,125.58595747253504,190.42195959650596
21,,,,31.2,2.08,15.0,,224.9515672676838
26,5.9,5.9,1.0,,,,659.666768292683,
29,120.2,0.42027972027972027,286.0,,,,46.990604212860305,
32,717.1,2.0086834733893557,357.0,785.4,2.175623268698061,361.0,224.58673481587755,235.29320388349515
33,18.8,18.8,1.0,4.3,4.3,1.0,2101.9890243902437,465.04410540915393
37,41.0,0.422680412371134,97.0,,,,47.2590206185567,
40,238.60000000000002,0.725227963525836,329.0,219.5,0.6131284916201117,358.0,81.08623508043591,66.30971881077647
42,44.7,0.30202702702702705,148.0,12.1,12.1,1.0,33.769015738299274,1308.6124826629682
48,466.90000000000003,1.289779005524862,362.0,682.3,1.8952777777777776,360.0,144.20751667565017,204.97389736477115
49,982.6,2.7446927374301677,358.0,1253.9,3.522191011235955,356.0,306.8784047554163,380.92422509311353
55,28.9,0.10176056338028168,284.0,,,,11.377637624527651,
57,,,,16.8,16.8,1.0,,1816.9165048543691
65,26.6,0.12488262910798123,213.0,,,,13.962867857551815,
66,4.9,4.9,1.0,,,,547.8588414634146,
67,174.4,0.7176954732510288,243.0,275.4,1.097211155378486,251.0,80.2440429589481,118.66315818556565
68,,,,33.9,0.20925925925925926,162.0,,22.631345353675453
69,2389.8,6.583471074380165,363.0,1950.1,5.416944444444444,360.0,736.0842521669018,585.841414701803
72,8.8,8.8,1.0,,,,983.909756097561,
74,7.6,7.6,1.0,,,,849.7402439024389,
77,2476.1,6.840055248618785,362.0,3358.1,9.64971264367816,348.0,764.7723967457215,1043.614414845282
79,179.0,0.6911196911196911,259.0,38.6,0.5594202898550725,69.0,77.27265985497692,60.501187963577166
81,,,,15.2,0.11428571428571428,133.0,,12.359976223499109
82,30.5,0.11466165413533834,266.0,25.5,1.108695652173913,23.0,12.820081835686777,119.90520412470603
83,332.8,1.0947368421052632,304.0,286.0,0.8666666666666667,330.0,122.4002567394095,93.72981969486824
84,5.0,5.0,1.0,,,,559.0396341463414,
88,289.2,1.7214285714285713,168.0,,,,192.46935975609753,
89,335.0,0.9654178674351584,347.0,253.0,0.71671388101983,353.0,107.94137028185843,77.51245712399759
92,579.5,2.772727272727273,209.0,,,,310.0128880266075,
95,183.1,3.662,50.0,1218.3999999999999,3.3380821917808214,365.0,409.44062804878047,361.0128945718465
97,44.1,0.7229508196721312,61.0,,,,80.83163234706117,
99,5.2,5.2,1.0,10.3,10.3,1.0,581.4012195121951,1113.9428571428573
100,440.2,1.2759420289855072,345.0,829.5,2.3170391061452515,358.0,142.66043301519971,250.5872972826382
101,568.6,1.7441717791411044,326.0,415.9,1.1520775623268698,361.0,195.01223065988327,124.59694868238557
103,44.0,0.24858757062146894,177.0,74.39999999999999,0.48311688311688306,154.0,27.79406090671076,52.24899039933714
105,19.7,0.12236024844720496,161.0,5.8,5.8,1.0,13.68084570519618,627.2687933425798
106,,,,10.4,0.2810810810810811,37.0,,30.39886044157889
107,65.2,0.27053941908713697,241.0,89.8,0.3023569023569023,297.0,30.24845157372736,32.69983608624385
112,84.3,0.2450581395348837,344.0,,,,27.399442534032893,
114,363.5,1.01536312849162,358.0,213.6,0.9368421052631579,228.0,113.52564637552798,101.31927877947297
119,5.0,5.0,1.0,70.9,5.908333333333334,12.0,559.0396341463414,638.9850208044384
123,27.0,27.0,1.0,,,,3018.8140243902435,
124,12.4,12.4,1.0,,,,1386.4182926829267,
126,8.8,8.8,1.0,,,,983.909756097561,
127,374.5,1.318661971830986,284.0,440.5,2.502840909090909,176.0,147.43686125901752,270.6817236161897
128,1392.2,3.9777142857142858,350.0,807.3000000000001,2.2740845070422537,355.0,444.739987804878,245.94176632611206
130,67.2,0.4307692307692308,156.0,,,,48.16341463414634,
136,61.3,1.226,50.0,29.1,1.0777777777777777,27.0,137.07651829268292,116.5614424410541
137,33.5,0.881578947368421,38.0,24.7,24.7,1.0,98.56751444159177,2671.299861303745
140,258.2,2.689583333333333,96.0,,,,300.7167365345528,
141,940.8,2.8,336.0,,,,313.06219512195116,
145,686.8,1.979250720461095,347.0,,,,221.29591973009065,
146,76.7,0.2367283950617284,324.0,76.7,0.26631944444444444,288.0,26.468111073471846,28.80239251040222
150,13.4,13.4,1.0,,,,1498.226219512195,
151,43.9,0.14584717607973421,301.0,,,,16.30687039137833,
156,9.8,9.8,1.0,,,,1095.7176829268292,
157,79.4,0.5631205673758866,141.0,41.7,41.7,1.0,62.961343193219165,4509.846324549238
161,94.5,0.7325581395348837,129.0,,,,81.90580686330118,
164,,,,5.3,5.3,1.0,,573.1938973647711
166,99.2,0.30712074303405573,323.0,45.7,0.31736111111111115,144.0,34.33853356490221,34.32253814147018
167,3.8,3.8,1.0,,,,424.87012195121946,
169,65.0,0.2090032154340836,311.0,,,,23.368216218335814,
170,452.59999999999997,1.257222222222222,360.0,132.6,0.3693593314763231,359.0,140.56741023035227,39.9461348560302
171,11.4,11.4,1.0,,,,1274.6103658536585,
172,1878.4,5.232311977715877,359.0,1998.6000000000001,5.505785123966943,363.0,585.0139547523609,595.449515709357
173,511.1,1.4197222222222223,360.0,576.1,1.5958448753462604,361.0,158.7361983401084,172.59029126213593
175,1594.0,4.3911845730027546,363.0,2045.2,5.618681318681319,364.0,490.96924343210367,607.6592156802976
176,25.0,25.0,1.0,,,,2795.1981707317073,
177,,,,25.6,25.6,1.0,,2768.6346740638005
182,320.9,0.9965838509316769,322.0,181.4,0.5168091168091168,351.0,111.42597428419934,55.89279846367225
185,67.7,5.641666666666667,12.0,55.5,0.23417721518987342,237.0,630.7830538617885,25.32621710353061
189,926.2,2.5799442896935934,359.0,930.8,2.674712643678161,348.0,288.4582223656498,289.269615954852
191,1767.3000000000002,4.909166666666668,360.0,1113.3,3.136056338028169,355.0,548.8837474593496,339.1638405188412
192,72.1,0.2303514376996805,313.0,123.0,0.36283185840707965,339.0,25.75511669134263,39.24019000159562
193,4.9,4.9,1.0,,,,547.8588414634146,
194,868.3,3.0044982698961937,289.0,308.3,0.9230538922155689,334.0,335.9267227192168,99.82808640693648
195,1404.8,3.8487671232876712,365.0,1236.3999999999999,3.406060606060606,363.0,430.32267290344134,368.36474593367797
197,982.0,2.7430167597765363,358.0,628.7,1.7319559228650139,363.0,306.6910171685515,187.31067273415024
199,18.2,0.08235294117647059,221.0,,,,9.207711621233859,
208,8.8,8.8,1.0,,,,983.909756097561,
209,,,,198.6,3.5464285714285713,56.0,,383.5455121854567
215,47.2,1.6275862068965519,29.0,201.0,0.8137651821862348,247.0,181.97703952901597,88.00853515416622
216,17.0,17.0,1.0,,,,1900.7347560975609,
220,,,,18.7,18.7,1.0,,2022.4011095700416
223,224.3,0.639031339031339,351.0,133.0,4.15625,32.0,71.44876919602528,449.497572815534
228,294.0,0.9735099337748344,302.0,512.5,1.653225806451613,310.0,108.8461274430625,178.79602702339943
231,1056.5,2.9024725274725274,364.0,1211.3,3.3835195530726256,358.0,324.5194359756097,365.92693574256737
233,1452.5,4.103107344632768,354.0,272.8,0.7930232558139535,344.0,458.7599257613338,85.76530013224527
234,2293.9,6.301923076923077,364.0,2489.8,6.821369863013699,365.0,704.6049542682927,737.7297315372487
238,69.5,1.9305555555555556,36.0,,,,215.85141429539294,
239,,,,37.6,37.6,1.0,,4066.432177531207
240,732.4,2.1290697674418606,344.0,76.5,0.3148148148148148,243.0,238.0468767725468,34.04715672676838
246,6.2,6.2,1.0,,,,693.2091463414633,
248,46.7,0.4132743362831859,113.0,17.0,17.0,1.0,46.20734675156486,1838.5464632454925
250,,,,15.0,15.0,1.0,,1622.246879334258
251,37.3,0.1468503937007874,254.0,301.4,0.8761627906976743,344.0,16.419038073746876,94.75682353320646
252,74.1,0.2105113636363636,352.0,73.60000000000001,0.2619217081850534,281.0,23.53683914218403,28.326778248873403
255,64.8,7.199999999999999,9.0,,,,805.0170731707316,
256,48.0,0.22535211267605634,213.0,15.6,15.6,1.0,25.19615252490553,1687.1367545076284
259,,,,87.7,0.9041237113402062,97.0,,97.7807912835838
260,401.2,1.3373333333333333,300.0,820.2,2.3843023255813955,344.0,149.52446747967477,257.8618004709222
261,1068.9,2.960941828254848,361.0,1310.1,3.629085872576177,361.0,331.0567672792379,392.48488210818306
262,,,,32.6,16.3,2.0,,1762.8416088765605
263,9.5,9.5,1.0,,,,1062.1753048780488,
267,18.8,0.11677018633540373,161.0,,,,13.055832449628843,
268,110.10000000000001,0.6514792899408285,169.0,51.1,0.3452702702702703,148.0,72.84054878048781,37.34090789818946
269,,,,16.3,16.3,1.0,,1762.8416088765605
270,,,,11.4,5.7,2.0,,616.4538141470181
273,5.5,5.5,1.0,,,,614.9435975609756,
274,,,,4.5,4.5,1.0,,486.6740638002774
275,1178.1,3.254419889502762,362.0,757.6999999999999,2.1772988505747124,348.0,363.8699408772402,235.4744177148596
276,1980.2,5.641595441595442,351.0,402.9,1.6051792828685258,251.0,630.7750903342367,173.5998054936979
279,9.8,9.8,1.0,,,,1095.7176829268292,
288,75.2,12.533333333333333,6.0,496.3,2.726923076923077,182.0,1401.3260162601625,294.9161634482023
290,525.4,1.6574132492113565,317.0,223.1,0.9871681415929203,226.0,185.31193929368314,106.7620291384876
291,34.6,17.3,2.0,,,,1934.2771341463413,
298,46.5,0.38114754098360654,122.0,14.1,0.94,15.0,42.61531637345061,101.66080443828017
304,415.6,1.1480662983425416,362.0,131.6,1.7783783783783782,74.0,128.36291268023177,192.3312516399895
305,213.2,0.8168582375478927,261.0,,,,91.33122605363984,
307,696.3,2.0723214285714286,336.0,683.3000000000001,1.930225988700565,354.0,231.70196265243902,208.75353910529162
308,969.6,2.6933333333333334,360.0,1177.8,3.2357142857142858,364.0,301.1360162601626,349.94182682781855
310,,,,37.2,37.2,1.0,,4023.17226074896
312,70.0,0.1977401129943503,354.0,10.1,10.1,1.0,22.10891208488356,1092.3128987517337
313,,,,347.4,1.1541528239202656,301.0,,124.82138779196482
315,,,,32.3,0.23237410071942444,139.0,,25.131210648679392
316,8.8,0.21463414634146344,41.0,40.6,0.18623853211009175,218.0,23.997798929208805,20.141658501825958
320,219.1,0.6086111111111111,360.0,37.2,0.15564853556485356,239.0,68.04754657859078,16.833356739535397
324,610.8,1.8178571428571426,336.0,312.6,0.9087209302325582,344.0,203.2508384146341,98.2779795503661
325,56.400000000000006,0.2096654275092937,269.0,,,,23.442256777586366,
330,33.8,0.3158878504672897,107.0,343.4,1.23971119133574,277.0,35.31876567130156,134.07450742801063
331,72.5,1.7261904761904763,42.0,42.2,0.6918032786885246,61.0,193.00177845528455,74.81838066437781
337,225.5,0.7321428571428571,308.0,54.2,0.4137404580152672,131.0,81.85937499999999,44.745944457972925
341,289.7,1.1921810699588478,243.0,,,,133.29529383719762,
342,13.8,0.04423076923076923,312.0,4.6,4.6,1.0,4.9453506097560975,497.4890429958391
346,31.9,31.9,1.0,,,,3566.672865853658,
351,20.6,4.12,5.0,,,,460.64865853658534,
357,4.3,4.3,1.0,,,,480.7740853658536,
358,,,,8.0,8.0,1.0,,865.1983356449376
366,4.9,4.9,1.0,,,,547.8588414634146,
369,31.8,31.8,1.0,,,,3555.4920731707316,
374,454.40000000000003,1.2728291316526612,357.0,330.5,0.952449567723343,347.0,142.31238641798183,103.00722259749708
375,190.4,0.5840490797546013,326.0,81.89999999999999,0.25999999999999995,315.0,65.30131677390393,28.118945908460468
385,,,,5.7,5.7,1.0,,616.4538141470181
387,109.0,0.331306990881459,329.0,155.3,0.5546428571428572,280.0,37.04274779449922,59.98450960966912
391,116.0,0.8467153284671532,137.0,,,,94.66948549047532,
392,988.0,2.7444444444444445,360.0,380.4,1.174074074074074,324.0,306.8506436314363,126.97586685159501
394,25.9,0.18368794326241134,141.0,38.0,0.18095238095238095,210.0,20.53776811970247,19.56996235387359
395,12.5,0.08116883116883117,154.0,24.9,0.20080645161290323,124.0,9.075318736141906,21.717175965281196
397,127.8,1.7506849315068493,73.0,547.2,1.688888888888889,324.0,195.74045272302035,182.65298196948686
398,,,,9.7,0.3464285714285714,28.0,,37.466177927481674
401,10.600000000000001,0.1325,80.0,,,,14.814550304878049,
404,45.9,1.02,45.0,235.7,1.0617117117117116,222.0,114.04408536585365,114.82390073846385
405,102.0,0.8717948717948718,117.0,,,,97.47357723577235,
407,8.8,8.8,1.0,43.2,0.5468354430379747,79.0,983.909756097561,59.14013939851473
408,959.7,2.7979591836734694,343.0,875.4,2.4452513966480445,358.0,312.8340156794425,264.4534298266684
409,196.4,0.5810650887573965,338.0,165.4,0.6058608058608059,273.0,64.96768292682927,65.52372010790874
414,4.4,4.4,1.0,,,,491.9548780487805,
421,139.3,0.4158208955223881,335.0,313.3,0.9380239520958085,334.0,46.49207226064798,101.44709526854753
422,294.2,0.9774086378737541,301.0,691.3,2.0948484848484847,330.0,109.28203346568348,226.55742781490355
425,23.2,0.12146596858638743,191.0,18.599999999999998,0.06863468634686345,271.0,13.580858127953006,7.422827049352323
426,57.0,1.14,50.0,52.1,0.2605,200.0,127.46103658536583,28.173020804438284
429,43.3,43.3,1.0,,,,4841.283231707316,
435,82.0,2.8275862068965516,29.0,554.6,2.1749019607843136,255.0,316.1465517241379,235.21519458268745
441,,,,18.0,18.0,1.0,,1946.6962552011096
443,96.1,0.3150819672131147,305.0,153.6,3.4909090909090907,44.0,35.22866153538584,377.54109191779094
446,1812.9,5.049860724233984,359.0,1721.5,4.742424242424242,363.0,564.614458353149,512.8921951834574
447,24.0,0.24242424242424243,99.0,,,,27.104951958610492,
450,508.1,3.024404761904762,168.0,1610.9,4.413424657534247,365.0,338.1524263211382,477.3109585241199
451,574.9,1.614887640449438,356.0,454.2,1.2977142857142856,350.0,180.55723914086047,140.34753001783238
460,9.9,9.9,1.0,,,,1106.8984756097561,
465,420.7,1.226530612244898,343.0,92.7,0.26335227272727274,352.0,137.1358449477352,28.48149350649351
470,4.9,4.9,1.0,36.4,36.4,1.0,547.8588414634146,3936.652427184466
475,145.2,0.6285714285714286,231.0,134.7,3.4538461538461536,39.0,70.27926829268291,373.53274298517016
482,20.0,0.3508771929824561,57.0,,,,39.2308515190415,
483,425.20000000000005,2.1260000000000003,200.0,,,,237.7036524390244,
488,,,,41.5,0.5845070422535211,71.0,,63.21431501631147
492,96.3,0.4652173913043478,207.0,141.1,0.5304511278195488,266.0,52.01499204665959,57.36817911630671
496,41.7,0.3111940298507463,134.0,,,,34.79395931925737,
504,4.4,4.4,1.0,9.399999999999999,0.06527777777777777,144.0,491.9548780487805,7.059778085991677
510,,,,24.5,24.5,1.0,,2649.6699029126216
511,123.8,0.6252525252525253,198.0,,,,69.90818859324956,
515,17.0,0.0794392523364486,214.0,,,,8.881938112605424,
519,626.3,1.730110497237569,362.0,650.8000000000001,1.797790055248619,362.0,193.44006788168707,194.4306204550157
521,35.900000000000006,35.900000000000006,1.0,17.2,17.2,1.0,4013.904573170732,1860.1764216366157
537,35.5,35.5,1.0,,,,3969.181402439024,
538,154.7,0.4510204081632653,343.0,275.6,0.8034985422740526,343.0,50.427656794425076,86.89820018358049
541,79.7,0.577536231884058,138.0,140.1,0.7960227272727273,176.0,64.57312875574408,86.08969234648846
543,97.5,0.5357142857142857,182.0,,,,59.89710365853658,
544,39.0,0.29545454545454547,132.0,83.7,0.6246268656716418,134.0,33.03416019955654,67.55326557227731
551,186.2,0.7923404255319149,235.0,38.2,0.14415094339622642,265.0,88.58994032174363,15.589894538507838
554,16.7,0.21688311688311687,77.0,612.0,2.074576271186441,295.0,24.249251662971172,224.36499212487368
557,,,,8.8,8.8,1.0,,951.7181692094315
559,5.1,5.1,1.0,139.7,0.5098540145985401,274.0,570.2204268292681,55.14060560656833
567,4.9,4.9,1.0,,,,547.8588414634146,
569,9.2,9.2,1.0,,,,1028.6329268292682,
573,102.2,0.3512027491408935,291.0,28.8,0.09142857142857143,315.0,39.26725127818288,9.887980978799288
575,96.2,0.38480000000000003,250.0,,,,43.023690243902436,
578,111.80000000000001,0.44015748031496066,254.0,160.2,0.48108108108108105,333.0,49.213095352410214,52.02881883270233
585,64.0,0.4413793103448276,145.0,294.6,1.0020408163265306,294.0,49.34970563498738,108.37050581675112
592,13.5,0.06136363636363636,220.0,,,,6.860940964523281,
593,254.0,0.8141025641025641,312.0,36.1,0.10284900284900285,351.0,91.02311991869918,11.123098260962339
596,9.399999999999999,9.399999999999999,1.0,68.8,0.8935064935064935,77.0,1050.9945121951216,96.63254138372031
598,50.1,1.473529411764706,34.0,178.89999999999998,0.7986607142857142,224.0,164.75226865136298,86.37499009312462
603,6.0,6.0,1.0,,,,670.8475609756097,
605,,,,4.5,4.5,1.0,,486.6740638002774
607,17.3,17.3,1.0,,,,1934.2771341463413,
613,1032.7,2.8606648199445983,361.0,552.1999999999999,1.9443661971830983,284.0,319.8450028714276,210.28279971088665
614,4.4,4.4,1.0,,,,491.9548780487805,
617,17.6,17.6,1.0,44.2,0.7892857142857144,56.0,1967.819512195122,85.36108579354072
618,,,,50.9,0.34863013698630135,146.0,,37.70427678452682
620,999.4,2.799439775910364,357.0,909.0,2.525,360.0,312.99955762792916,273.0782246879334
622,16.0,16.0,1.0,,,,1788.9268292682925,
632,669.3000000000001,2.506741573033708,267.0,709.4,3.427053140096618,207.0,280.2735783776377,370.6350841222939
638,564.9,1.5779329608938546,358.0,795.6,2.1917355371900826,363.0,176.42541303311074,237.03574236884035
642,56.0,0.22134387351778656,253.0,157.2,0.5222591362126245,301.0,24.74799961438349,56.482216928315694
645,38.7,38.7,1.0,,,,4326.966768292683,
651,1954.2,5.504788732394366,355.0,837.9,2.4216763005780346,346.0,615.4790158021298,261.90378809136314
652,,,,5.4,5.4,1.0,,584.008876560333
657,5.0,5.0,1.0,,,,559.0396341463414,
658,14.7,0.24098360655737705,61.0,,,,26.94387744902039,
659,18.6,1.3285714285714287,14.0,,,,148.54481707317075,
663,54.400000000000006,0.17106918238993712,318.0,34.2,0.36000000000000004,95.0,19.12689062739684,38.9339251040222
666,42.4,0.36551724137931035,116.0,109.7,109.7,1.0,40.867724978973925,11864.032177531208
667,22.2,0.07302631578947368,304.0,16.9,0.17244897959183672,98.0,8.164920972400513,18.650321265815617
670,706.2,2.017714285714286,350.0,889.8,2.492436974789916,357.0,225.59645121951218,269.5565402860173
673,13.3,0.20461538461538462,65.0,33.4,0.11322033898305084,295.0,22.87762195121951,12.244756106161404
674,28.8,9.6,3.0,,,,1073.3560975609755,
675,463.6,1.5662162162162163,296.0,81.10000000000001,0.5963235294117648,136.0,175.11538810151615,64.49226564412174
681,31.9,1.1814814814814814,27.0,,,,132.09899503161697,
684,12.3,12.3,1.0,,,,1375.2375,
688,780.7,2.282748538011696,342.0,239.7,0.6848571428571428,350.0,255.22938150763085,74.06715751931841
691,52.5,0.173841059602649,302.0,43.6,2.725,16.0,19.436808471975446,294.7081830790569
692,191.8,2.040425531914894,94.0,,,,228.13574857291127,
693,9.5,9.5,1.0,,,,1062.1753048780488,
695,,,,37.1,0.3467289719626168,107.0,,37.49866618274204
696,174.6,0.6235714285714286,280.0,40.9,1.9476190476190476,21.0,69.72022865853658,210.63459480879732
698,37.1,1.855,20.0,,,,207.40370426829267,
704,29.900000000000002,29.900000000000002,1.0,50.2,0.28685714285714287,175.0,3343.057012195122,31.023540320982764
705,100.0,0.4784688995215311,209.0,23.0,23.0,1.0,53.49661570778387,2487.4452149791955
709,,,,9.5,9.5,1.0,,1027.4230235783634
711,25.4,25.4,1.0,,,,2839.921341463414,
716,17.0,17.0,1.0,45.4,0.5973684210526315,76.0,1900.7347560975609,64.60527045769764
718,20.8,0.13506493506493508,154.0,,,,15.101330376940133,
719,57.6,57.6,1.0,,,,6440.1365853658535,
720,10.0,0.034129692832764506,293.0,10.399999999999999,0.04126984126984126,252.0,3.815970198951136,4.463324747374678
721,669.5,1.8966005665722379,353.0,569.3,1.5813888888888887,360.0,212.05497737165754,171.02687933425796
725,30.7,1.2791666666666666,24.0,148.6,0.7659793814432989,194.0,143.02097306910568,82.84051074538513
727,173.9,0.679296875,256.0,,,,75.95077529535061,
739,,,,17.0,17.0,1.0,,1838.5464632454925
740,29.8,29.8,1.0,,,,3331.876219512195,
744,659.4,2.0042553191489363,329.0,980.4,2.793162393162393,351.0,224.09163207057603,302.07993171876666
747,,,,30.1,30.1,1.0,,3255.308737864078
753,33.5,33.5,1.0,223.3,0.9382352941176471,238.0,3745.5655487804875,101.46995186424084
754,1448.2,3.9785714285714286,364.0,1008.5,2.7706043956043955,364.0,444.83582317073166,299.6402889759339
756,17.0,17.0,1.0,43.1,43.1,1.0,1900.7347560975609,4661.256033287102
757,,,,117.8,117.8,1.0,,12740.045492371706
758,,,,11.2,11.2,1.0,,1211.2776699029125
764,164.79999999999998,0.6195488721804511,266.0,106.1,0.3411575562700964,311.0,69.27047496790756,36.896118734697694
771,102.8,0.34965986394557824,294.0,44.5,0.1545138888888889,288.0,39.09474448315912,16.710644937586686
775,11.4,11.4,1.0,,,,1274.6103658536585,
779,45.0,0.42452830188679247,106.0,21.4,0.25176470588235295,85.0,47.46562931431201,27.228300562943627
780,6.0,6.0,1.0,4.8,4.8,1.0,670.8475609756097,519.1190013869625
781,5.5,5.5,1.0,19.4,0.08398268398268398,231.0,614.9435975609756,9.082709800601618
782,74.4,5.723076923076923,13.0,,,,639.8853658536585,
785,9.9,0.14776119402985075,67.0,5.3,5.3,1.0,16.520872770294865,573.1938973647711
788,57.6,0.2206896551724138,261.0,39.9,39.9,1.0,24.67485281749369,4315.176699029126
790,,,,128.4,21.400000000000002,6.0,,2314.405547850208
791,888.6,2.447933884297521,363.0,489.8,1.462089552238806,335.0,273.69841261842373,158.12468089510838
795,23.9,0.26853932584269663,89.0,,,,30.024825294601257,
797,76.2,0.23664596273291927,322.0,,,,26.458894485683988,
799,5.1,5.1,1.0,,,,570.2204268292681,
802,64.8,1.1368421052631579,57.0,,,,127.10795892169446,
806,101.9,0.32870967741935486,310.0,,,,36.75234756097561,
807,5.0,5.0,1.0,,,,559.0396341463414,
809,68.0,0.425,160.0,34.9,0.9184210526315789,38.0,47.51836890243902,99.32704576976421
810,164.9,0.45805555555555555,360.0,,,,51.214242039295385,
811,387.6,1.4626415094339624,265.0,586.2,1.6420168067226892,357.0,163.53491486424298,177.58377603468574
812,53.6,0.25402843601895736,211.0,96.6,1.2384615384615383,78.0,28.402392786961045,133.93935772964898
814,96.6,0.7155555555555555,135.0,,,,80.00478319783197,
826,299.3,0.8478753541076488,353.0,20.2,20.2,1.0,94.79918555240793,2184.6257975034673
828,80.5,0.25967741935483873,310.0,267.2,1.012121212121212,264.0,29.033993902439025,109.46069852477619
829,13.200000000000001,0.08354430379746836,158.0,,,,9.340915405989502,
830,453.2,1.2659217877094973,358.0,414.40000000000003,1.167323943661972,355.0,141.54009061179997,126.24584165185288
831,21.9,21.9,1.0,,,,2448.593597560975,
832,43.400000000000006,0.6676923076923078,65.0,,,,74.65329268292683,
833,,,,122.9,122.9,1.0,,13291.609431345354
834,33.1,0.45972222222222225,72.0,,,,51.40058858401084,
835,5.0,5.0,1.0,,,,559.0396341463414,
839,1256.4,3.9018633540372676,322.0,,,,436.2592523860021,
841,159.5,0.7595238095238095,210.0,173.9,0.9937142857142858,175.0,84.92078252032519,107.46999326332475
844,46.5,1.6607142857142858,28.0,,,,185.6810213414634,
846,84.6,0.2459302325581395,344.0,119.0,0.5151515151515151,231.0,27.496949446965395,55.71352918925734
847,173.20000000000002,1.9244444444444446,90.0,9.2,9.2,1.0,215.16814363143632,994.9780859916782
857,733.9,2.0557422969187673,357.0,410.5,1.1277472527472527,364.0,229.84828431372546,121.96563076313423
860,212.9,0.643202416918429,331.0,211.79999999999998,1.5688888888888888,135.0,71.91512876722423,169.67500693481276
861,1560.6,4.335,360.0,1909.8999999999999,5.2905817174515235,361.0,484.687362804878,572.1753120665742
862,422.0,1.306501547987616,323.0,459.8,1.2843575418994413,358.0,146.07722947972513,138.90300095305247
864,37.9,37.9,1.0,,,,4237.520426829267,
865,,,,21.5,21.5,1.0,,2325.22052704577
866,10.399999999999999,10.399999999999999,1.0,10.9,10.9,1.0,1162.80243902439,1178.8327323162275
867,16.9,16.9,1.0,,,,1889.553963414634,
868,69.0,0.5476190476190477,126.0,25.7,0.07740963855421687,332.0,61.228150406504064,8.371836304998078
870,65.1,0.31298076923076923,208.0,27.9,0.5936170212765958,47.0,34.993730945121946,64.19955735237703
871,,,,44.2,0.17822580645161293,248.0,,19.275083888864035
872,11.8,11.8,1.0,,,,1319.333536585366,
873,94.6,0.3739130434782608,253.0,81.3,0.32914979757085017,247.0,41.8064422057264,35.59748212952096
874,16.0,16.0,1.0,,,,1788.9268292682925,
881,,,,18.5,18.5,1.0,,2000.7711511789182
885,96.8,0.4208695652173913,230.0,826.1999999999999,2.263561643835616,365.0,47.05655355249204,244.80372085953675
887,138.4,0.5536,250.0,49.4,0.4891089108910891,101.0,61.89686829268292,52.8970269565098
888,258.9,0.8141509433962263,318.0,50.199999999999996,1.1674418604651162,43.0,91.02852910722501,126.258594329581
889,63.8,63.8,1.0,,,,7133.345731707316,
890,39.6,39.6,1.0,,,,4427.5939024390245,
901,38.4,38.4,1.0,,,,4293.424390243902,
902,39.3,0.15232558139534882,258.0,42.800000000000004,0.20776699029126217,206.0,17.03120745887691,22.469956775244743
906,148.9,0.42542857142857143,350.0,133.1,0.5863436123348017,227.0,47.56628658536585,63.412939688513866
907,,,,118.0,1.6619718309859155,71.0,,179.74190775722295
908,154.2,0.4469565217391304,345.0,85.0,0.3373015873015873,252.0,49.973282078472955,36.47909649296612
910,4.4,4.4,1.0,,,,491.9548780487805,
911,78.9,0.24427244582043345,323.0,133.5,0.4238095238095238,315.0,27.311595748697425,45.8349118288092
912,22.5,22.5,1.0,,,,2515.6783536585363,
913,10.7,10.7,1.0,37.3,0.1865,200.0,1196.3448170731706,20.16993619972261
915,,,,82.1,0.39095238095238094,210.0,,42.2814186645532
917,67.8,0.3244019138755981,209.0,,,,36.27070544987746,
918,200.4,0.587683284457478,341.0,114.89999999999999,0.4436293436293436,259.0,65.70764966740576,47.97842121892052
919,64.6,64.6,1.0,43.3,43.3,1.0,7222.792073170731,4682.885991678225
920,,,,122.0,1.6944444444444444,72.0,,183.25381414701803
922,19.4,0.12933333333333333,150.0,31.200000000000003,0.12283464566929135,254.0,14.460491869918696,13.284541374075815
923,61.4,0.3355191256830601,183.0,83.3,0.4063414634146341,205.0,37.51369785419165,43.94574473123372
929,22.1,22.1,1.0,42.0,42.0,1.0,2470.9551829268294,4542.291262135923
930,14.700000000000001,14.700000000000001,1.0,,,,1643.5765243902438,
933,127.5,0.4653284671532847,274.0,159.79999999999998,0.5105431309904153,313.0,52.02741120705002,55.215133400982836
936,60.2,1.1358490566037736,53.0,,,,126.99692820984812,
937,,,,15.600000000000001,15.600000000000001,1.0,,1687.1367545076284
939,,,,95.5,4.340909090909091,22.0,,469.4684150800656
940,74.6,5.328571428571428,14.0,81.7,1.7020833333333334,48.0,595.7765243902438,184.07995839112345
942,9.4,9.4,1.0,,,,1050.9945121951218,
945,70.60000000000001,0.8404761904761906,84.0,,,,93.97190040650408,
946,25.0,25.0,1.0,,,,2795.1981707317073,
947,70.3,1.2333333333333334,57.0,,,,137.89644308943087,
949,34.6,34.6,1.0,,,,3868.5542682926825,
951,37.7,0.23128834355828223,163.0,44.0,44.0,1.0,25.859870193027085,4758.590846047157
954,42.4,42.4,1.0,,,,4740.6560975609755,
955,,,,17.1,17.1,1.0,,1849.3614424410544
961,199.3,0.8338912133891214,239.0,9.6,0.05106382978723404,188.0,93.23564777018063,5.52254256794641
963,29.6,29.6,1.0,18.6,18.6,1.0,3309.5146341463415,2011.58613037448
968,,,,36.9,36.9,1.0,,3990.727323162275
969,11.0,11.0,1.0,,,,1229.8871951219512,
971,417.7,1.246865671641791,335.0,451.6,1.2406593406593407,364.0,139.4094657808518,134.1770495801009
973,536.9,1.534,350.0,194.1,1.5780487804878047,123.0,171.51335975609754,170.66564730557153
975,65.8,1.7783783783783782,37.0,,,,198.83679960448248,
976,124.2,0.38333333333333336,324.0,240.6,1.0693333333333332,225.0,42.859705284552845,115.64817753120666
977,,,,8.4,8.4,1.0,,908.4582524271846
984,19.9,19.9,1.0,5.3,5.3,1.0,2224.9777439024388,573.1938973647711
992,5.5,5.5,1.0,,,,614.9435975609756,
993,485.79999999999995,1.3801136363636362,352.0,668.4,1.8934844192634561,353.0,154.3076444706208,204.77994601454543
996,515.3,1.4765042979942693,349.0,108.8,0.5818181818181818,187.0,165.0848845132434,62.923515319631825
1001,19.4,0.44090909090909086,44.0,10.2,10.2,1.0,49.29713137472283,1103.1278779472955
1005,8.5,8.5,1.0,61.599999999999994,0.43076923076923074,143.0,950.3673780487804,46.58760268857356
1006,,,,6.4,6.4,1.0,,692.1586685159501
1009,129.7,0.7908536585365853,164.0,5.2,5.2,1.0,88.42370798631765,562.3789181692094
1017,232.8,0.7734219269102991,301.0,523.2,1.4493074792243767,361.0,86.4747022121384,156.74230235783634
1018,121.4,0.34685714285714286,350.0,236.6,0.7886666666666666,300.0,38.78137804878048,85.2941359223301
1026,1007.4,2.8139664804469273,358.0,320.40000000000003,0.8850828729281769,362.0,314.62375834582366,95.72152857066231
1027,169.9,0.5739864864864865,296.0,261.90000000000003,1.0351778656126485,253.0,64.17623908206987,111.9542708030678
1029,15.2,3.04,5.0,12.5,12.5,1.0,339.8960975609756,1351.872399445215
1030,28.0,28.0,1.0,,,,3130.621951219512,
1035,15.4,15.4,1.0,428.7,1.2608823529411763,340.0,1721.8420731707315,136.36416415109733
1038,4.5,4.5,1.0,,,,503.13567073170725,
1039,,,,18.1,18.1,1.0,,1957.5112343966716
1040,14.8,14.8,1.0,15.7,15.7,1.0,1654.7573170731707,1697.95173370319
1042,41.4,0.16299212598425197,254.0,61.3,0.3080402010050251,199.0,18.223811695794122,33.31448365265997
1043,,,,10.0,10.0,1.0,,1081.497919556172
1044,215.9,0.6406528189910979,337.0,502.3,1.4817109144542773,339.0,71.63006350872114,160.2467271365974
1047,,,,19.2,0.2909090909090909,66.0,,31.461757659815913
1049,11.0,11.0,1.0,48.0,48.0,1.0,1229.8871951219512,5191.190013869626
1050,13.6,0.4857142857142857,28.0,84.4,1.156164383561644,73.0,54.30670731707316,125.0389375486862
1054,75.8,0.4031914893617021,188.0,27.8,27.8,1.0,45.080004540736894,3006.5642163661582
1055,72.0,2.5714285714285716,28.0,,,,287.5060975609756,
1056,8.9,8.9,1.0,,,,995.0905487804878,
1058,266.3,0.8817880794701987,302.0,25.0,25.0,1.0,98.59089706832498,2703.74479889043
1059,4.8,4.8,1.0,,,,536.6780487804878,
1060,26.4,0.6769230769230768,39.0,39.5,0.29699248120300753,133.0,75.68536585365852,32.119675054487814
1063,,,,21.0,21.0,1.0,,2271.1456310679614
1064,134.3,0.5125954198473283,262.0,24.6,0.14057142857142857,175.0,57.31223119530813,15.202770754903904
1069,40.0,0.22598870056497175,177.0,141.0,0.5090252707581228,277.0,25.26732809700978,55.05097713264269
1070,56.7,0.19825174825174827,286.0,,,,22.166116962305985,
1071,23.4,0.7548387096774193,31.0,,,,84.39695121951218,
1072,138.3,0.8183431952662723,169.0,,,,91.49725609756098,
1073,292.1,0.8616519174041298,339.0,26.0,26.0,1.0,96.33951453341966,2811.8945908460473
1075,57.2,2.723809523809524,21.0,,,,304.5434959349593,
1076,14.2,14.2,1.0,5.3,5.3,1.0,1587.6725609756095,573.1938973647711
1080,359.8,0.9966759002770084,361.0,693.1999999999999,1.9043956043956043,364.0,111.43626613066684,205.9599884165765
1081,334.3,1.092483660130719,306.0,,,,122.14833313406663,
1082,14.9,14.9,1.0,,,,1665.9381097560974,
1084,,,,20.7,20.7,1.0,,2238.700693481276
1085,17.4,0.6444444444444444,27.0,,,,72.05399728997288,
1087,,,,12.3,1.23,10.0,,133.02424410540917
1088,26.0,26.0,1.0,,,,2907.0060975609754,
1094,,,,11.0,11.0,1.0,,1189.6477115117893
1095,13.4,0.268,50.0,,,,29.964524390243902,
1097,26.8,0.22148760330578512,121.0,,,,24.764069744003223,
1100,24.4,0.7870967741935483,31.0,,,,88.00365853658535,
1101,4.4,4.4,1.0,,,,491.9548780487805,
1102,5.0,5.0,1.0,,,,559.0396341463414,
1103,204.7,0.6624595469255663,309.0,,,,74.06822855000394,
1104,20.0,20.0,1.0,,,,2236.1585365853657,
1105,34.9,34.9,1.0,,,,3902.096646341463,
1106,14.8,14.8,1.0,87.9,0.9988636363636364,88.0,1654.7573170731707,108.02689446475856
1107,133.8,1.9114285714285717,70.0,,,,213.71286585365854,
1108,56.4,1.2533333333333334,45.0,,,,140.13260162601625,
1109,63.6,0.25853658536585367,246.0,97.4,0.37751937984496126,258.0,28.90643961927424,40.82864238944619
1110,12.4,0.5166666666666667,24.0,,,,57.767428861788616,
1111,6.2,6.2,1.0,,,,693.2091463414633,
1112,18.6,0.26956521739130435,69.0,,,,30.139528101802753,
1113,9.6,9.6,1.0,,,,1073.3560975609755,
1114,7.6,7.6,1.0,,,,849.7402439024389,
1115,46.599999999999994,0.3191780821917808,146.0,8.0,8.0,1.0,35.68663965920481,865.1983356449376
1116,,,,65.0,65.0,1.0,,7029.736477115118
1117,230.3,0.8498154981549816,271.0,253.3,0.8092651757188499,313.0,95.01610903609036,87.52186039091961
1118,16.8,16.8,1.0,,,,1878.3731707317072,
1119,19.6,19.6,1.0,,,,2191.4353658536584,
1121,4.4,4.4,1.0,,,,491.9548780487805,
1122,69.2,0.38659217877094976,179.0,,,,43.224070036789755,
1123,25.200000000000003,0.36000000000000004,70.0,,,,40.250853658536585,
1124,21.5,21.5,1.0,,,,2403.870426829268,
1125,9.8,2.45,4.0,,,,273.9294207317073,
1126,11.4,11.4,1.0,64.2,64.2,1.0,1274.6103658536585,6943.216643550625
1127,311.8,1.0569491525423729,295.0,88.5,0.9315789473684211,95.0,118.17529350971475,100.75006934812761
1128,15.8,0.17555555555555558,90.0,26.799999999999997,0.38840579710144923,69.0,19.6285027100271,42.006006150877404
1129,4.9,4.9,1.0,,,,547.8588414634146,
1130,8.2,8.2,1.0,,,,916.8249999999998,
1131,168.7,0.5222910216718266,323.0,211.5,0.7663043478260869,276.0,58.39627633466736,82.87565579207622
1132,389.0,1.1932515337423313,326.0,69.19999999999999,0.5088235294117647,136.0,133.41498017357472,55.029158848005224
1133,11.0,11.0,1.0,22.8,22.8,1.0,1229.8871951219512,2465.8152565880723
1134,94.4,2.4842105263157896,38.0,,,,277.75442875481383,
1135,21.4,21.4,1.0,,,,2392.689634146341,
1136,5.0,5.0,1.0,,,,559.0396341463414,
1137,10.3,10.3,1.0,,,,1151.6216463414635,
1138,11.9,11.9,1.0,,,,1330.5143292682926,
1139,9.8,9.8,1.0,,,,1095.7176829268292,
1140,13.700000000000001,13.700000000000001,1.0,,,,1531.7685975609756,
1141,9.8,9.8,1.0,,,,1095.7176829268292,
1142,9.4,9.4,1.0,146.7,0.5111498257839721,287.0,1050.9945121951218,55.28074731668656
1143,32.8,2.1866666666666665,15.0,21.7,21.7,1.0,244.48666666666662,2346.8504854368935
1144,303.9,1.040753424657534,292.0,449.8,1.2742209631728045,353.0,116.36448275141996,137.80673207262498
1145,10.0,10.0,1.0,,,,1118.0792682926829,
1146,28.4,0.18562091503267972,153.0,32.9,32.9,1.0,20.753889685955677,3558.1281553398057
1147,24.700000000000003,0.1885496183206107,131.0,,,,21.081341928877304,
1148,745.8,2.3601265822784807,316.0,1156.4,3.4519402985074628,335.0,263.8808602192034,373.32662512679326
1149,40.0,0.15037593984962405,266.0,81.8,0.4755813953488372,172.0,16.813222079589213,51.434028964938875
1150,115.0,0.5958549222797928,193.0,39.6,1.3655172413793104,29.0,66.6213035511184,147.68040556698074
1151,9.3,9.3,1.0,101.7,0.3632142857142857,280.0,1039.8137195121951,39.28154943530811
1152,77.3,19.325,4.0,15.9,0.37857142857142856,42.0,2160.6881859756095,40.9424212403408
1153,191.1,0.6612456747404845,289.0,158.4,0.4351648351648352,364.0,73.93250801755423,47.06298638947738
1154,11.4,11.4,1.0,,,,1274.6103658536585,
1155,4.4,4.4,1.0,,,,491.9548780487805,
1156,289.4,0.9335483870967741,310.0,381.8,1.0664804469273743,358.0,104.37810975609754,115.33963845992919
1157,10.8,10.8,1.0,,,,1207.5256097560975,
1158,32.9,32.9,1.0,,,,3678.480792682926,
1159,10.1,10.1,1.0,,,,1129.2600609756096,
1160,5.1,5.1,1.0,,,,570.2204268292681,
1161,19.6,0.22790697674418606,86.0,,,,25.481806579693703,
1162,13.5,13.5,1.0,,,,1509.4070121951218,
1163,14.5,14.5,1.0,,,,1621.21493902439,
1164,25.3,25.3,1.0,,,,2828.7405487804876,
1166,227.2,0.7548172757475082,301.0,31.5,31.5,1.0,84.39455473624503,3406.718446601942
1167,13.7,13.7,1.0,,,,1531.7685975609754,
1168,428.8,1.4486486486486487,296.0,296.0,0.8131868131868132,364.0,161.9704021094265,87.9459846672052
1169,11.399999999999999,11.399999999999999,1.0,8.6,8.6,1.0,1274.6103658536583,930.0882108183079
1170,8.3,8.3,1.0,,,,928.0057926829269,
1171,424.4,1.5103202846975088,281.0,1054.5,3.369009584664537,313.0,168.8657798802187,364.35768567795
1172,145.8,0.5244604316546763,278.0,150.7,0.6944700460829493,217.0,58.6388335672925,75.10679100327886
1173,10.8,10.8,1.0,,,,1207.5256097560975,
1174,5.5,5.5,1.0,,,,614.9435975609756,
1175,4.9,4.9,1.0,,,,547.8588414634146,
1176,5.0,5.0,1.0,,,,559.0396341463414,
1177,9.9,9.9,1.0,,,,1106.8984756097561,
1178,201.0,0.7730769230769231,260.0,57.7,0.7212500000000001,80.0,86.43612804878049,78.00303744798892
1179,12.4,12.4,1.0,,,,1386.4182926829267,
1180,4.4,4.4,1.0,,,,491.9548780487805,
1181,5.5,5.5,1.0,,,,614.9435975609756,
1182,44.2,0.42500000000000004,104.0,,,,47.51836890243902,
1183,8.2,0.16399999999999998,50.0,,,,18.336499999999997,
1184,5.4,5.4,1.0,,,,603.7628048780488,
1185,11.0,11.0,1.0,11.5,11.5,1.0,1229.8871951219512,1243.7226074895977
1186,65.2,0.5821428571428572,112.0,,,,65.08818597560976,
1187,27.6,27.6,1.0,,,,3085.8987804878047,
1188,26.1,26.1,1.0,,,,2918.1868902439023,
1189,36.8,36.8,1.0,,,,4114.531707317073,
1190,786.8,2.861090909090909,275.0,763.5999999999999,2.0978021978021975,364.0,319.89264301552106,226.87687125634417
1191,367.1,1.3697761194029852,268.0,187.7,0.6174342105263158,304.0,153.15182813068802,66.7753814147018
1192,160.4,0.7425925925925926,216.0,1649.1,4.658474576271186,354.0,83.02773825654923,503.8130562542608
1193,9.5,9.5,1.0,,,,1062.1753048780488,
1194,197.6,1.401418439716312,141.0,,,,156.68969036498873,
1195,10.0,10.0,1.0,,,,1118.0792682926829,
1196,108.2,0.9092436974789916,119.0,,,,101.66065279770444,
1197,57.3,57.3,1.0,115.2,115.2,1.0,6406.594207317073,12458.856033287102
1198,23.8,0.1576158940397351,151.0,13.8,13.8,1.0,17.622706347924407,1492.4671289875175
1199,10.1,0.3482758620689655,29.0,,,,38.940002102607224,
1200,9.2,9.2,1.0,12.9,12.9,1.0,1028.6329268292682,1395.132316227462
1201,5.5,5.5,1.0,,,,614.9435975609756,
1202,77.0,77.0,1.0,,,,8609.210365853658,
1203,68.9,0.5029197080291972,137.0,77.2,1.20625,64.0,56.23040991632544,130.45568654646326
1204,3.8,3.8,1.0,,,,424.87012195121946,
1205,13.4,13.4,1.0,,,,1498.226219512195,
1206,4.8,4.8,1.0,,,,536.6780487804878,
1207,18.8,18.8,1.0,,,,2101.9890243902437,
1208,12.6,12.6,1.0,,,,1408.7798780487803,
1209,9.3,9.3,1.0,26.200000000000003,1.2476190476190478,21.0,1039.8137195121951,134.9297404398653
1210,4.4,4.4,1.0,18.4,18.4,1.0,491.9548780487805,1989.9561719833564
1211,5.6,5.6,1.0,,,,626.1243902439023,
1212,17.1,17.1,1.0,,,,1911.9155487804878,
1213,20.2,20.2,1.0,,,,2258.520121951219,
1214,26.9,0.12117117117117117,222.0,80.3,0.23827893175074183,337.0,13.547897440123048,25.769816896249438
1215,7.8,0.04482758620689655,174.0,9.9,0.0543956043956044,182.0,5.012079478553406,5.882873298684673
1216,54.3,54.3,1.0,,,,6071.170426829268,
1217,22.7,0.9458333333333333,24.0,68.5,0.30580357142857145,224.0,105.75166412601625,33.07259262928473
1218,9.2,9.2,1.0,,,,1028.6329268292682,
1219,5.5,5.5,1.0,5.7,5.7,1.0,614.9435975609756,616.4538141470181
1220,6.8,6.8,1.0,,,,760.2939024390244,
1221,168.4,0.7451327433628319,226.0,,,,83.31174724800344,
1222,9.8,9.8,1.0,,,,1095.7176829268292,
1223,323.3,2.260839160839161,143.0,,,,252.7797394678492,
1224,272.3,1.2102222222222223,225.0,963.4000000000001,2.639452054794521,365.0,135.3124376693767,285.4561906028538
1225,26.6,26.6,1.0,38.8,38.8,1.0,2974.0908536585366,4196.211927877947
1226,8.6,8.6,1.0,,,,961.5481707317072,
1227,4.8,4.8,1.0,5.2,5.2,1.0,536.6780487804878,562.3789181692094
1229,30.8,30.8,1.0,771.6,2.6698961937716263,289.0,3443.684146341463,288.7487178994956
1230,8.2,8.2,1.0,,,,916.8249999999998,
1231,16.2,16.2,1.0,,,,1811.2884146341462,
1232,4.4,4.4,1.0,,,,491.9548780487805,
1233,8.8,0.44000000000000006,20.0,,,,49.19548780487805,
1234,18.6,18.6,1.0,,,,2079.6274390243902,
1235,5.5,5.5,1.0,,,,614.9435975609756,
1236,25.3,0.22792792792792793,111.0,107.0,0.4713656387665198,227.0,25.484149088112503,50.97809576762573
1237,12.4,12.4,1.0,,,,1386.4182926829267,
1238,12.2,12.2,1.0,,,,1364.056707317073,
1240,19.3,19.3,1.0,,,,2157.892987804878,
1241,7.6,7.6,1.0,50.8,50.8,1.0,849.7402439024389,5494.009431345354
1242,94.0,94.0,1.0,,,,10509.94512195122,
1243,38.9,38.9,1.0,,,,4349.328353658536,
1244,20.299999999999997,20.299999999999997,1.0,,,,2269.7009146341456,
1246,6.2,6.2,1.0,,,,693.2091463414633,
1247,13.6,13.6,1.0,,,,1520.5878048780487,
1248,6.2,6.2,1.0,,,,693.2091463414633,
1249,36.3,0.726,50.0,85.2,0.3021276595744681,282.0,81.17255487804877,32.675043527016264
1250,20.1,20.1,1.0,,,,2247.3393292682927,
1251,4.3,4.3,1.0,,,,480.7740853658536,
1252,5.0,5.0,1.0,,,,559.0396341463414,
1253,274.9,1.5890173410404622,173.0,767.8000000000001,2.1446927374301676,358.0,177.66473459749045,231.9480733617958
1254,28.3,28.3,1.0,,,,3164.1643292682925,
1255,591.4,3.01734693877551,196.0,779.5999999999999,2.4749206349206347,315.0,337.36330574912887,267.66215177333066
1256,31.400000000000002,0.28545454545454546,110.0,,,,31.916080931263856,
1257,8.8,8.8,1.0,,,,983.909756097561,
1258,165.7,3.3816326530612244,49.0,,,,378.09333623693374,
1260,8.8,8.8,1.0,,,,983.909756097561,
1261,19.1,19.1,1.0,,,,2135.5314024390245,
1262,9.6,9.6,1.0,,,,1073.3560975609755,
1263,32.4,0.2050632911392405,158.0,16.5,16.5,1.0,22.92770145106514,1784.471567267684
1264,8.8,1.1,8.0,19.2,1.3714285714285714,14.0,122.98871951219512,148.3197146819893
1265,22.3,22.3,1.0,,,,2493.316768292683,
1266,14.1,14.1,1.0,10.4,10.4,1.0,1576.4917682926828,1124.7578363384189
1267,,,,28.4,0.9793103448275862,29.0,,105.9122100530872
1268,114.1,0.89140625,128.0,,,,99.66628477515242,
1269,56.300000000000004,0.41397058823529415,136.0,115.19999999999999,0.3191135734072022,361.0,46.285193238880915,34.5120665742025
1270,403.2,2.2779661016949153,177.0,428.5,2.535502958579882,169.0,254.6946672178586,274.2141174732661
1271,214.79999999999998,1.2067415730337077,178.0,115.2,0.421978021978022,273.0,134.9232734995889,45.636835286765944
1272,167.4,1.0397515527950312,161.0,36.8,1.0514285714285714,35.0,116.25246553552492,113.7117812561918
1273,31.200000000000003,0.195,160.0,63.7,0.30772946859903383,207.0,21.802545731707315,33.28087800759815
1274,58.0,0.5858585858585859,99.0,146.9,0.4848184818481848,303.0,65.50363389997536,52.433017948119364
1275,20.4,20.4,1.0,,,,2280.8817073170726,
1276,4.4,4.4,1.0,,,,491.9548780487805,
1277,40.3,0.48554216867469874,83.0,,,,54.28746326770496,
1278,160.7,1.0931972789115645,147.0,,,,122.2281213704994,
1279,125.2,0.7542168674698795,166.0,682.0,1.8944444444444444,360.0,84.32742433147222,204.88377253814147
1280,5.0,5.0,1.0,,,,559.0396341463414,
1281,4.9,4.9,1.0,5.3,5.3,1.0,547.8588414634146,573.1938973647711
1282,122.2,0.9119402985074627,134.0,12.6,0.2863636363636364,44.0,101.96215416818347,30.970167696381292
1283,15.5,15.5,1.0,,,,1733.0228658536585,
1284,135.0,135.0,1.0,,,,15094.070121951218,
1285,20.4,20.4,1.0,,,,2280.8817073170726,
1286,9.4,9.4,1.0,,,,1050.9945121951218,
1287,6.0,6.0,1.0,,,,670.8475609756097,
1288,47.5,0.4439252336448598,107.0,26.8,0.4872727272727273,55.0,49.63436004103031,52.698444080191656
1289,13.8,13.8,1.0,50.0,50.0,1.0,1542.9493902439024,5407.48959778086
1290,185.3,1.2353333333333334,150.0,367.8,1.0849557522123894,339.0,138.12005894308942,117.33773888282008
1291,4.9,4.9,1.0,,,,547.8588414634146,
1292,10.3,10.3,1.0,,,,1151.6216463414635,
1293,3.8,3.8,1.0,,,,424.87012195121946,
1294,35.9,1.3296296296296295,27.0,,,,148.6631323396567,
1296,4.9,4.9,1.0,,,,547.8588414634146,
1297,275.5,1.9539007092198581,141.0,338.5,0.9455307262569832,358.0,218.4615875281093,102.25895133233638
1298,12.6,12.6,1.0,,,,1408.7798780487803,
1299,8.8,2.9333333333333336,3.0,,,,327.96991869918696,
1300,16.9,16.9,1.0,,,,1889.553963414634,
1301,4.9,4.9,1.0,116.6,0.55260663507109,211.0,547.8588414634146,59.76429261623206
1302,30.4,30.4,1.0,41.2,41.2,1.0,3398.9609756097557,4455.771428571429
1303,99.2,0.7294117647058824,136.0,461.7,1.3499999999999999,342.0,81.55401721664276,146.0022191400832
1304,47.2,0.4916666666666667,96.0,,,,54.97223069105691,
1305,19.8,19.8,1.0,,,,2213.7969512195123,
1306,10.2,0.12142857142857141,84.0,5.2,5.2,1.0,13.57667682926829,562.3789181692094
1307,12.7,12.7,1.0,,,,1419.960670731707,
1308,16.0,16.0,1.0,,,,1788.9268292682925,
1309,22.799999999999997,22.799999999999997,1.0,,,,2549.2207317073166,
1310,10.2,0.07906976744186046,129.0,24.7,0.19448818897637796,127.0,8.840626772546795,21.03385717562004
1311,4.4,4.4,1.0,,,,491.9548780487805,
1312,8.2,8.2,1.0,,,,916.8249999999998,
1313,22.4,22.4,1.0,,,,2504.4975609756093,
1314,72.6,0.8642857142857142,84.0,194.0,0.5773809523809523,336.0,96.633993902439,62.44362987913612
1315,4.0,4.0,1.0,24.6,24.6,1.0,447.23170731707313,2660.4848821081832
1316,11.9,11.9,1.0,,,,1330.5143292682926,
1317,57.8,0.5838383838383838,99.0,,,,65.27775930032027,
1318,9.3,9.3,1.0,,,,1039.8137195121951,
1320,21.6,21.6,1.0,,,,2415.051219512195,
1321,45.2,0.452,100.0,199.8,0.8089068825910931,247.0,50.53718292682927,87.48311106369358
1322,42.0,42.0,1.0,,,,4695.932926829268,
1323,9.8,3.266666666666667,3.0,,,,365.23922764227643,
1324,11.8,11.8,1.0,,,,1319.333536585366,
1325,78.0,1.0263157894736843,76.0,141.6,0.4481012658227848,316.0,114.7502406931964,48.4620586737829
1326,11.5,11.5,1.0,,,,1285.7911585365853,
1327,104.89999999999999,0.9803738317757008,107.0,1209.3999999999999,3.3316804407713496,363.0,109.61356564850693,360.3205465320205
1328,22.9,22.9,1.0,,,,2560.4015243902436,
1329,237.5,2.199074074074074,108.0,76.2,0.3463636363636364,220.0,245.87391316621495,37.459155213718326
1331,4.4,4.4,1.0,,,,491.9548780487805,
1332,6.0,6.0,1.0,,,,670.8475609756097,
1333,43.6,5.45,8.0,,,,609.3532012195121,
1334,9.3,9.3,1.0,5.3,5.3,1.0,1039.8137195121951,573.1938973647711
1335,47.3,2.7823529411764705,17.0,166.60000000000002,0.6584980237154151,253.0,311.0891140602582,71.21642426800723
1336,39.0,39.0,1.0,,,,4360.509146341463,
1337,60.199999999999996,0.6764044943820224,89.0,33.9,0.10303951367781154,329.0,75.62738421485338,11.143701967463292
1338,661.5,8.48076923076923,78.0,,,,948.2172256097559,
1339,14.1,14.1,1.0,,,,1576.4917682926828,
1340,8.2,8.2,1.0,,,,916.8249999999998,
1341,9.8,9.8,1.0,,,,1095.7176829268292,
1342,230.29999999999998,2.3499999999999996,98.0,1239.2,3.4043956043956047,364.0,262.7486280487804,368.18467635000235
1343,7.0,7.0,1.0,,,,782.655487804878,
1344,4.9,4.9,1.0,,,,547.8588414634146,
1345,12.1,12.1,1.0,,,,1352.8759146341463,
1346,8.9,8.9,1.0,23.599999999999998,0.5488372093023255,43.0,995.0905487804878,59.356630003548034
1347,39.7,39.7,1.0,,,,4438.7746951219515,
1348,9.3,9.3,1.0,,,,1039.8137195121951,
1349,4.4,4.4,1.0,,,,491.9548780487805,
1350,20.1,20.1,1.0,,,,2247.3393292682927,
1351,5.4,5.4,1.0,,,,603.7628048780488,
1352,12.0,12.0,1.0,,,,1341.6951219512193,
1353,10.2,10.2,1.0,15.8,1.58,10.0,1140.4408536585363,170.8766712898752
1354,11.9,11.9,1.0,,,,1330.5143292682926,
1356,4.9,4.9,1.0,,,,547.8588414634146,
1357,5.5,5.5,1.0,,,,614.9435975609756,
1358,14.0,14.0,1.0,,,,1565.310975609756,
1359,17.5,17.5,1.0,,,,1956.638719512195,
1360,11.9,11.9,1.0,,,,1330.5143292682926,
1361,5.4,5.4,1.0,,,,603.7628048780488,
1362,15.4,0.22647058823529412,68.0,21.200000000000003,0.09464285714285715,224.0,25.321206958393113,10.235605310085202
1363,11.5,11.5,1.0,,,,1285.7911585365853,
1364,5.6,5.6,1.0,148.9,1.0198630136986302,146.0,626.1243902439023,110.29797275473564
1365,4.4,4.4,1.0,,,,491.9548780487805,
1367,142.0,2.491228070175439,57.0,643.4,1.792200557103064,359.0,278.5390457851947,193.8261173934376
1368,9.5,9.5,1.0,14.5,14.5,1.0,1062.1753048780488,1568.1719833564493
1369,10.7,10.7,1.0,8.3,8.3,1.0,1196.3448170731706,897.6432732316229
1371,14.6,14.6,1.0,,,,1632.3957317073168,
1372,7.4,7.4,1.0,21.0,21.0,1.0,827.3786585365854,2271.1456310679614
1373,56.3,4.3307692307692305,13.0,,,,484.2143292682926,
1374,104.8,3.8814814814814813,27.0,15.0,15.0,1.0,433.9803974706413,1622.246879334258
1375,42.8,42.8,1.0,18.8,18.8,1.0,4785.379268292682,2033.2160887656034
1376,5.7,5.7,1.0,71.0,0.9466666666666667,75.0,637.3051829268293,102.38180305131762
1377,18.9,18.9,1.0,,,,2113.16981707317,
1378,24.7,24.7,1.0,48.8,6.971428571428571,7.0,2761.6557926829264,753.9585496334456
1379,45.4,1.3352941176470587,34.0,45.9,0.2622857142857143,175.0,149.2964670014347,28.366145432930455
1380,144.7,3.445238095238095,42.0,47.9,1.0413043478260868,46.0,385.2049288617886,112.61684857987095
1381,35.1,35.1,1.0,,,,3924.458231707317,
1382,74.8,2.0216216216216214,37.0,158.1,1.1212765957446809,141.0,226.03332234673692,121.26583055448992
1383,44.2,44.2,1.0,,,,4941.910365853659,
1384,50.8,50.8,1.0,,,,5679.842682926828,
1385,25.9,25.9,1.0,,,,2895.8253048780484,
1386,5.0,5.0,1.0,,,,559.0396341463414,
1387,20.799999999999997,20.799999999999997,1.0,,,,2325.60487804878,
1388,28.3,28.3,1.0,,,,3164.1643292682925,
1389,31.9,31.9,1.0,14.2,14.2,1.0,3566.672865853658,1535.7270457697641
1390,9.8,9.8,1.0,,,,1095.7176829268292,
1391,18.6,2.325,8.0,252.6,0.72378223495702,349.0,259.9534298780488,78.27689813177336
1393,16.4,16.4,1.0,,,,1833.6499999999996,
1394,14.8,14.8,1.0,183.8,2.552777777777778,72.0,1654.7573170731707,276.0823855755895
1395,54.3,2.4681818181818183,22.0,269.5,0.8923841059602649,302.0,275.9622921286031,96.5111554041021
1396,30.7,30.7,1.0,,,,3432.503353658536,
1397,19.7,19.7,1.0,,,,2202.616158536585,
1398,7.6,7.6,1.0,,,,849.7402439024389,
1399,10.7,10.7,1.0,5.1,5.1,1.0,1196.3448170731706,551.5639389736477
1400,160.5,20.0625,8.0,3438.5,10.024781341107872,343.0,2243.1465320121947,1084.1780164413694
1401,16.5,16.5,1.0,,,,1844.8307926829266,
1402,107.3,9.754545454545454,11.0,53.7,2.8263157894736843,19.0,1090.6355044345896,305.6654646324549
1404,,,,18.4,18.4,1.0,,1989.9561719833564
1405,,,,220.4,1.0857142857142856,203.0,,117.41977412324152
1406,10.2,10.2,1.0,,,,1140.4408536585363,
1407,9.2,9.2,1.0,,,,1028.6329268292682,
1408,4.6,4.6,1.0,62.2,0.2152249134948097,289.0,514.3164634146341,23.27652961812938
1409,12.0,12.0,1.0,4.6,4.6,1.0,1341.6951219512193,497.4890429958391
1410,9.0,9.0,1.0,33.599999999999994,0.28235294117647053,119.0,1006.2713414634145,30.53641184629191
1411,23.299999999999997,7.766666666666666,3.0,49.2,0.15232198142414863,323.0,868.3748983739836,16.47359060128906
1412,5.2,5.2,1.0,10.4,0.52,20.0,581.4012195121951,56.23789181692095
1413,5.1,5.1,1.0,1437.1,3.948076923076923,364.0,570.2204268292681,426.9836978555425
1414,28.9,28.9,1.0,18.4,18.4,1.0,3231.2490853658533,1989.9561719833564
1415,1.7,1.7,1.0,7.2,0.04736842105263158,152.0,190.0734756097561,5.122884882108184
1416,10.5,10.5,1.0,,,,1173.983231707317,
1417,9.2,9.2,1.0,,,,1028.6329268292682,
1418,16.5,16.5,1.0,12.100000000000001,12.100000000000001,1.0,1844.8307926829266,1308.6124826629682
1419,28.099999999999998,28.099999999999998,1.0,8.9,8.9,1.0,3141.8027439024386,962.5331484049932
1420,13.0,13.0,1.0,11.6,11.6,1.0,1453.5030487804877,1254.5375866851596
1421,,,,677.8000000000001,1.903932584269663,356.0,,205.90991288628467
1422,,,,23.2,23.2,1.0,,2509.075173370319
1423,,,,10.1,10.1,1.0,,1092.3128987517337
1424,,,,61.1,0.4849206349206349,126.0,,52.44406578165247
1425,,,,204.7,0.6128742514970059,334.0,,66.2822227943558
1426,,,,18.599999999999998,0.052991452991452984,351.0,,5.7310146164515094
1427,,,,24.8,8.266666666666667,3.0,,894.0382801664356
1428,,,,109.2,0.3652173913043478,299.0,,39.498184888138454
1429,,,,55.800000000000004,55.800000000000004,1.0,,6034.758391123441
1430,,,,14.3,14.3,1.0,,1546.5420249653262
1431,,,,4.0,4.0,1.0,,432.5991678224688
1432,,,,286.9,0.8488165680473372,338.0,,91.79933524280051
1433,,,,45.0,0.24456521739130435,184.0,,26.44967738044986
1434,,,,14.7,14.7,1.0,,1589.8019417475728
1435,,,,49.0,49.0,1.0,,5299.339805825243
1436,,,,268.4,0.8133333333333332,330.0,,87.96183079056865
1437,,,,70.6,0.20583090379008745,343.0,,22.26056942293462
1438,,,,10.7,10.7,1.0,,1157.202773925104
1439,,,,17.1,1.1400000000000001,15.0,,123.29076282940362
1440,,,,15.0,15.0,1.0,,1622.246879334258
1441,,,,16.9,16.9,1.0,,1827.7314840499305
1442,,,,44.5,44.5,1.0,,4812.665742024966
1443,,,,4.0,4.0,1.0,,432.5991678224688
1444,,,,179.9,0.8775609756097561,205.0,,94.90803694056359
1445,,,,5.6,5.6,1.0,,605.6388349514563
1446,,,,15.1,0.604,25.0,,65.32247434119279
1447,,,,78.2,2.6965517241379313,29.0,,291.63150796307815
1449,,,,46.0,46.0,1.0,,4974.890429958391
1450,,,,20.5,20.5,1.0,,2217.0707350901525
1451,,,,51.2,0.23703703703703705,216.0,,25.635506241331488
1452,,,,5.6,5.6,1.0,,605.6388349514563
1453,,,,38.2,0.2358024691358025,162.0,,25.501987979657887
1454,,,,6.5,6.5,1.0,,702.9736477115118
1455,,,,11.1,0.5842105263157894,19.0,,63.18224687933425
1456,,,,9.2,9.2,1.0,,994.9780859916782
1457,,,,4.0,4.0,1.0,,432.5991678224688
1458,,,,9.399999999999999,9.399999999999999,1.0,,1016.6080443828016
1459,,,,82.2,27.400000000000002,3.0,,2963.3042995839114
1460,,,,5.2,5.2,1.0,,562.3789181692094
1461,,,,4.5,4.5,1.0,,486.6740638002774
1462,,,,5.1,5.1,1.0,,551.5639389736477
1463,,,,1164.3,5.8214999999999995,200.0,,629.5940138696255
1464,,,,55.8,0.38749999999999996,144.0,,41.90804438280166
1465,,,,83.9,0.7915094339622643,106.0,,85.60158061392721
1466,,,,11.8,11.8,1.0,,1276.167545076283
1467,,,,90.1,0.9288659793814432,97.0,,100.4566624247537
1468,,,,149.4,0.6760180995475114,221.0,,73.11121682429507
1469,,,,4.6,4.6,1.0,,497.4890429958391
1470,,,,12.600000000000001,12.600000000000001,1.0,,1362.6873786407768
1471,,,,68.1,2.27,30.0,,245.50002773925107
1472,,,,16.7,16.7,1.0,,1806.1015256588073
1473,,,,29.1,0.2575221238938053,113.0,,27.85096412308372
1474,,,,28.5,0.3202247191011236,89.0,,34.63223674983247
1475,,,,16.7,16.7,1.0,,1806.1015256588073
1476,,,,5.1,5.1,1.0,,551.5639389736477
1477,,,,10.9,10.9,1.0,,1178.8327323162275
1478,,,,34.6,1.9222222222222223,18.0,,207.8879334257975
1479,,,,5.8,5.8,1.0,,627.2687933425798
1480,,,,40.9,40.9,1.0,,4423.326490984743
1481,,,,390.0,1.3265306122448979,294.0,,143.46400973704323
1482,,,,18.8,2.35,8.0,,254.15201109570043
1483,,,,21.4,21.4,1.0,,2314.405547850208
1484,,,,48.0,0.19672131147540983,244.0,,21.275368909301744
1486,,,,27.5,27.5,1.0,,2974.119278779473
1487,,,,4.0,4.0,1.0,,432.5991678224688
1488,,,,33.7,33.7,1.0,,3644.6479889043003
1489,,,,106.4,106.4,1.0,,11507.137864077671
1490,,,,5.7,5.7,1.0,,616.4538141470181
1491,,,,9.2,9.2,1.0,,994.9780859916782
1492,,,,56.0,56.0,1.0,,6056.388349514564
1493,,,,5.7,5.7,1.0,,616.4538141470181
1494,,,,8.6,8.6,1.0,,930.0882108183079
1495,,,,44.2,44.2,1.0,,4780.2208044382805
1496,,,,5.0,5.0,1.0,,540.748959778086
1497,,,,98.0,2.45,40.0,,264.96699029126216
1498,,,,5.6,5.6,1.0,,605.6388349514563
1499,,,,59.8,1.0310344827586206,58.0,,111.50616480941221
1500,,,,4.6,4.6,1.0,,497.4890429958391
1501,,,,5.1,5.1,1.0,,551.5639389736477
1502,,,,54.7,0.314367816091954,174.0,,33.99881390788656
1503,,,,20.8,0.23908045977011494,87.0,,25.85650198479124
1504,,,,4.6,4.6,1.0,,497.4890429958391
1505,,,,9.399999999999999,0.05595238095238094,168.0,,6.051238359421437
1506,,,,17.9,17.9,1.0,,1935.8812760055478
1507,,,,102.0,102.0,1.0,,11031.278779472956
1508,,,,79.7,0.3741784037558686,213.0,,40.46731652048212
1509,,,,491.20000000000005,1.8466165413533837,266.0,,199.71119476916985
1510,,,,384.6,1.5082352941176471,255.0,,163.11533327894267
1511,,,,265.6,2.7957894736842106,95.0,,302.3640499306519
1512,,,,45.0,0.9183673469387755,49.0,,99.3212375102607
1513,,,,16.1,16.1,1.0,,1741.211650485437
1514,,,,21.1,21.1,1.0,,2281.960610263523
1515,,,,16.0,16.0,1.0,,1730.3966712898753
1516,,,,42.6,0.1868421052631579,228.0,,20.206934812760057
1517,,,,128.0,0.757396449704142,169.0,,81.91226846342605
1518,,,,36.8,1.472,25.0,,159.1964937586685
1519,,,,17.2,17.2,1.0,,1860.1764216366157
1520,,,,25.9,25.9,1.0,,2801.0796116504853
1521,,,,5.1,5.1,1.0,,551.5639389736477
1522,,,,79.5,0.4297297297297297,185.0,,46.475180867413876
1523,,,,117.3,0.7285714285714285,161.0,,78.79484842480682
1524,,,,277.1,1.5309392265193371,181.0,,165.57075884475984
1525,,,,49.2,0.4353982300884956,113.0,,47.08822800191475
1526,,,,37.2,37.2,1.0,,4023.17226074896
1527,,,,28.2,28.2,1.0,,3049.824133148405
1528,,,,17.2,0.13333333333333333,129.0,,14.41997226074896
1529,,,,15.1,15.1,1.0,,1633.0618585298198
1530,,,,32.8,32.8,1.0,,3547.313176144244
1531,,,,28.4,0.23278688524590163,122.0,,25.175853209340396
1532,,,,4.6,4.6,1.0,,497.4890429958391
1533,,,,26.0,0.13131313131313133,198.0,,14.201487832555795
1534,,,,99.9,16.650000000000002,6.0,,1800.6940360610267
1535,,,,5.7,5.7,1.0,,616.4538141470181
1536,,,,1730.8999999999999,7.365531914893617,235.0,,796.5807442382035
1537,,,,14.6,14.6,1.0,,1578.9869625520112
1538,,,,23.1,0.6078947368421053,38.0,,65.74368932038836
1539,,,,9.2,2.3,4.0,,248.74452149791955
1540,,,,71.3,0.7059405940594059,101.0,,76.34732838054957
1541,,,,32.2,32.2,1.0,,3482.423300970874
1542,,,,9.8,9.8,1.0,,1059.8679611650487
1543,,,,36.4,0.2581560283687943,141.0,,27.91952076017352
1544,,,,389.8,1.6947826086956521,230.0,,183.29038654043296
1545,,,,54.0,1.3846153846153846,39.0,,149.74586578470073
1546,,,,38.5,38.5,1.0,,4163.766990291262
1547,,,,4.6,4.6,1.0,,497.4890429958391
1548,,,,67.8,7.533333333333333,9.0,,814.7284327323163
1549,,,,5.2,5.2,1.0,,562.3789181692094
1550,,,,5.3,5.3,1.0,,573.1938973647711
1551,,,,1233.2,5.530044843049327,223.0,,598.0731992810186
1553,,,,32.2,32.2,1.0,,3482.423300970874
1554,,,,25.2,25.2,1.0,,2725.3747572815532
1555,,,,28.6,28.6,1.0,,3093.0840499306523
1556,,,,21.3,21.3,1.0,,2303.5905686546466
1557,,,,5.3,5.3,1.0,,573.1938973647711
1558,,,,11.0,1.1,10.0,,118.96477115117894
1559,,,,18.3,18.3,1.0,,1979.1411927877948
1560,,,,23.9,23.9,1.0,,2584.780027739251
1561,,,,5.4,5.4,1.0,,584.008876560333
1562,,,,5.3,5.3,1.0,,573.1938973647711
1563,,,,5.4,5.4,1.0,,584.008876560333
1564,,,,10.0,10.0,1.0,,1081.497919556172
1565,,,,120.89999999999999,0.5926470588235294,204.0,,64.09465611487313
1566,,,,18.0,0.6206896551724138,29.0,,67.12745707590034
1567,,,,123.9,1.6090909090909091,77.0,,174.02284705585677
1568,,,,70.1,0.3728723404255319,188.0,,40.32606604302535
1569,,,,203.70000000000002,1.385714285714286,147.0,,149.86471170992672
1570,,,,26.0,2.3636363636363638,11.0,,255.62678098600432
1571,,,,5.5,5.5,1.0,,594.8238557558947
1572,,,,141.6,1.026086956521739,138.0,,110.9710908761985
1573,,,,36.900000000000006,36.900000000000006,1.0,,3990.7273231622753
1574,,,,390.8,2.0460732984293193,191.0,,221.28240155107434
1575,,,,86.5,0.7456896551724138,116.0,,80.64618107035248
1576,,,,175.5,1.4625,120.0,,158.16907073509014
1577,,,,71.8,71.8,1.0,,7765.155062413315
1578,,,,4.5,4.5,1.0,,486.6740638002774
1579,,,,5.0,5.0,1.0,,540.748959778086
1580,,,,13.2,0.2693877551020408,49.0,,29.134229669676472
1581,,,,5.3,5.3,1.0,,573.1938973647711
1582,,,,142.0,2.6792452830188678,53.0,,289.7598199565593
1583,,,,5.4,5.4,1.0,,584.008876560333
1584,,,,5.5,5.5,1.0,,594.8238557558947
1585,,,,77.8,77.8,1.0,,8414.053814147019
1586,,,,411.8,2.250273224043716,183.0,,243.36658102362387
1587,,,,22.5,22.5,1.0,,2433.370319001387
1588,,,,15.4,15.4,1.0,,1665.506796116505
1589,,,,15.4,15.4,1.0,,1665.506796116505
1590,,,,408.4,2.4309523809523808,168.0,,262.90699425401226
1591,,,,47.8,47.8,1.0,,5169.560055478502
1592,,,,18.9,18.9,1.0,,2044.031067961165
1593,,,,18.0,18.0,1.0,,1946.6962552011096
1594,,,,18.8,0.11677018633540373,161.0,,12.628671358792568
1595,,,,15.600000000000001,15.600000000000001,1.0,,1687.1367545076284
1596,,,,25.0,1.7857142857142858,14.0,,193.1246284921736
1597,,,,15.399999999999999,15.399999999999999,1.0,,1665.5067961165048
1598,,,,78.0,78.0,1.0,,8435.683772538141
1599,,,,416.1,2.4476470588235295,170.0,,264.7125201925431
1600,,,,25.3,25.3,1.0,,2736.1897364771153
1601,,,,31.0,31.0,1.0,,3352.6435506241332
1602,,,,12.2,12.2,1.0,,1319.4274618585298
1603,,,,18.1,3.62,5.0,,391.5022468793343
1604,,,,10.1,10.1,1.0,,1092.3128987517337
1605,,,,17.9,17.9,1.0,,1935.8812760055478
1606,,,,14.5,14.5,1.0,,1568.1719833564493
1607,,,,15.4,15.4,1.0,,1665.506796116505
1608,,,,4.2,4.2,1.0,,454.2291262135923
1609,,,,48.4,0.9490196078431372,51.0,,102.63627315003671
1610,,,,14.8,14.8,1.0,,1600.6169209431348
1611,,,,268.9,1.691194968553459,159.0,,182.90238400544317
1612,,,,5.4,5.4,1.0,,584.008876560333
1613,,,,20.1,20.1,1.0,,2173.8108183079057
1614,,,,206.4,3.225,64.0,,348.7830790568655
1615,,,,10.8,0.1090909090909091,99.0,,11.798159122430969
1616,,,,10.6,10.6,1.0,,1146.3877947295423
1617,,,,23.8,1.830769230769231,13.0,,197.99731142643768
1618,,,,17.9,17.9,1.0,,1935.8812760055478
1619,,,,16.2,16.2,1.0,,1752.0266296809987
1620,,,,10.2,10.2,1.0,,1103.1278779472955
1621,,,,5.3,5.3,1.0,,573.1938973647711
1622,,,,10.1,10.1,1.0,,1092.3128987517337
1623,,,,4.2,4.2,1.0,,454.2291262135923
1624,,,,43.300000000000004,0.3436507936507937,126.0,,37.16576183871608
1625,,,,19.6,19.6,1.0,,2119.7359223300973
1626,,,,67.6,67.6,1.0,,7310.925936199722
1628,,,,116.6,0.7878378378378378,148.0,,85.20449825692543
1629,,,,10.1,10.1,1.0,,1092.3128987517337
1630,,,,263.7,1.7817567567567567,148.0,,192.6966225587585
1631,,,,153.0,153.0,1.0,,16546.91816920943
1632,,,,10.2,10.2,1.0,,1103.1278779472955
1633,,,,17.6,17.6,1.0,,1903.436338418863
1634,,,,20.5,20.5,1.0,,2217.0707350901525
1635,,,,4.9,4.9,1.0,,529.9339805825243
1636,,,,18.8,18.8,1.0,,2033.2160887656034
1637,,,,45.6,2.0727272727272728,22.0,,224.1650233261884
1638,,,,25.0,25.0,1.0,,2703.74479889043
1639,,,,21.2,21.2,1.0,,2292.7755894590846
1640,,,,222.2,2.1999999999999997,101.0,,237.92954230235782
1641,,,,403.3,2.9437956204379563,137.0,,318.37088391022206
1642,,,,24.0,24.0,1.0,,2595.595006934813
1643,,,,36.9,36.9,1.0,,3990.727323162275
1644,,,,13.2,13.2,1.0,,1427.577253814147
1645,,,,20.3,1.8454545454545455,11.0,,199.5855251544572
1646,,,,29.900000000000002,29.900000000000002,1.0,,3233.678779472955
1647,,,,5.4,5.4,1.0,,584.008876560333
1648,,,,9.0,9.0,1.0,,973.3481276005548
1649,,,,155.6,5.36551724137931,29.0,,580.2795733894495
1650,,,,26.9,0.4014925373134328,67.0,,43.42133438218064
1651,,,,4.8,4.8,1.0,,519.1190013869625
1652,,,,47.3,1.5766666666666667,30.0,,170.51617198335646
1653,,,,24.0,0.23076923076923078,104.0,,24.957644297450127
1654,,,,239.5,2.7528735632183907,87.0,,297.7227031421876
1655,,,,7.5,7.5,1.0,,811.123439667129
1656,,,,50.6,1.1767441860465118,43.0,,127.26463890591235
1657,,,,10.2,10.2,1.0,,1103.1278779472955
1658,,,,11.1,11.1,1.0,,1200.462690707351
1659,,,,5.5,5.5,1.0,,594.8238557558947
1660,,,,9.6,9.6,1.0,,1038.238002773925
1661,,,,27.6,0.32093023255813957,86.0,,34.708537883430644
1662,,,,5.4,5.4,1.0,,584.008876560333
1663,,,,5.4,5.4,1.0,,584.008876560333
1664,,,,10.5,10.5,1.0,,1135.5728155339807
1665,,,,13.3,13.3,1.0,,1438.392233009709
1666,,,,14.899999999999999,0.21285714285714283,70.0,,23.020455716267087
1667,,,,7.4,7.4,1.0,,800.3084604715674
1668,,,,5.5,5.5,1.0,,594.8238557558947
1669,,,,4.8,4.8,1.0,,519.1190013869625
1670,,,,4.8,4.8,1.0,,519.1190013869625
1671,,,,15.899999999999999,15.899999999999999,1.0,,1719.5816920943134
1672,,,,5.4,5.4,1.0,,584.008876560333
1673,,,,4.2,4.2,1.0,,454.2291262135923
1674,,,,4.8,4.8,1.0,,519.1190013869625
1675,,,,5.9,5.9,1.0,,638.0837725381415
1676,,,,9.0,9.0,1.0,,973.3481276005548
1677,,,,46.1,0.8087719298245615,57.0,,87.46851595006936
1678,,,,108.6,1.9392857142857143,56.0,,209.7333465425005
1679,,,,19.5,19.5,1.0,,2108.9209431345353
1680,,,,22.5,22.5,1.0,,2433.370319001387
1681,,,,8.2,8.2,1.0,,886.828294036061
1682,,,,54.599999999999994,0.747945205479452,73.0,,80.89011836680409
1683,,,,20.5,20.5,1.0,,2217.0707350901525
1684,,,,10.8,10.8,1.0,,1168.017753120666
1685,,,,29.299999999999997,29.299999999999997,1.0,,3168.788904299584
1687,,,,15.8,15.8,1.0,,1708.7667128987518
1688,,,,4.8,4.8,1.0,,519.1190013869625
1689,,,,25.0,25.0,1.0,,2703.74479889043
1690,,,,15.8,15.8,1.0,,1708.7667128987518
1691,,,,5.9,5.9,1.0,,638.0837725381415
1692,,,,66.0,66.0,1.0,,7137.886269070736
1693,,,,10.200000000000001,10.200000000000001,1.0,,1103.1278779472957
1694,,,,88.8,44.4,2.0,,4801.850762829404
1695,,,,21.200000000000003,21.200000000000003,1.0,,2292.775589459085
1696,,,,10.0,10.0,1.0,,1081.497919556172
1697,,,,42.0,1.2727272727272727,33.0,,137.6451897616946
1698,,,,32.6,32.6,1.0,,3525.683217753121
1699,,,,9.0,9.0,1.0,,973.3481276005548
1700,,,,13.9,13.9,1.0,,1503.2821081830791
1701,,,,4.2,4.2,1.0,,454.2291262135923
1702,,,,9.4,9.4,1.0,,1016.6080443828017
1703,,,,19.2,19.2,1.0,,2076.47600554785
1704,,,,9.6,9.6,1.0,,1038.238002773925
1705,,,,6.4,6.4,1.0,,692.1586685159501
1706,,,,5.8,5.8,1.0,,627.2687933425798
1707,,,,5.4,5.4,1.0,,584.008876560333
1708,,,,7.9,7.9,1.0,,854.3833564493759
1709,,,,8.2,8.2,1.0,,886.828294036061
1710,,,,24.9,0.8586206896551724,29.0,,92.85964895499545
1711,,,,33.9,1.13,30.0,,122.20926490984743
1712,,,,8.4,1.2,7.0,,129.77975034674063
1713,,,,91.4,91.4,1.0,,9884.890984743413
1714,,,,12.0,12.0,1.0,,1297.7975034674064
1715,,,,113.4,113.4,1.0,,12264.18640776699
1716,,,,37.8,37.8,1.0,,4088.06213592233
1717,,,,23.7,23.7,1.0,,2563.1500693481275
1718,,,,1.8,1.8,1.0,,194.66962552011097
1719,,,,4.7,4.7,1.0,,508.30402219140086
1720,,,,12.9,12.9,1.0,,1395.132316227462
1721,,,,4.8,4.8,1.0,,519.1190013869625
1722,,,,36.300000000000004,2.4200000000000004,15.0,,261.72249653259365
1723,,,,5.2,5.2,1.0,,562.3789181692094
1724,,,,48.9,48.9,1.0,,5288.524826629681
1725,,,,55.9,55.9,1.0,,6045.573370319002
1726,,,,18.9,18.9,1.0,,2044.031067961165
1727,,,,4.8,4.8,1.0,,519.1190013869625
1728,,,,9.0,9.0,1.0,,973.3481276005548
1729,,,,6.1,6.1,1.0,,659.7137309292649
1730,,,,63.2,63.2,1.0,,6835.066851595007
1731,,,,15.3,15.3,1.0,,1654.6918169209432
1732,,,,4.8,4.8,1.0,,519.1190013869625
1733,,,,4.8,4.8,1.0,,519.1190013869625
1734,,,,5.4,5.4,1.0,,584.008876560333
1735,,,,4.2,4.2,1.0,,454.2291262135923
1736,,,,5.9,5.9,1.0,,638.0837725381415
1737,,,,24.9,24.9,1.0,,2692.929819694868
1738,,,,10.5,10.5,1.0,,1135.5728155339807
1739,,,,4.8,4.8,1.0,,519.1190013869625
1740,,,,21.0,21.0,1.0,,2271.1456310679614
1741,,,,4.8,4.8,1.0,,519.1190013869625
1742,,,,8.5,8.5,1.0,,919.2732316227463
1743,,,,4.8,4.8,1.0,,519.1190013869625
1744,,,,10.8,10.8,1.0,,1168.017753120666
1745,,,,51.5,51.5,1.0,,5569.714285714286
1746,,,,15.3,15.3,1.0,,1654.6918169209432
1747,,,,94.5,94.5,1.0,,10220.155339805826
1748,,,,4.8,4.8,1.0,,519.1190013869625
1749,,,,11.7,11.7,1.0,,1265.3525658807212
1750,,,,4.8,4.8,1.0,,519.1190013869625
1751,,,,10.0,10.0,1.0,,1081.497919556172
1752,,,,53.3,53.3,1.0,,5764.383911234397
1753,,,,4.8,4.8,1.0,,519.1190013869625
1754,,,,5.3,5.3,1.0,,573.1938973647711
1755,,,,4.2,4.2,1.0,,454.2291262135923
1756,,,,4.8,4.8,1.0,,519.1190013869625
